﻿"conversation_id","created_at","favorite_count","full_text","hashtags/0","hashtags/1","hashtags/2","id","media/0/media_url","media/0/type","media/1/media_url","media/1/type","media/2/media_url","media/2/type","reply_count","retweet_count","startUrl","url","urls/0/display_url","urls/0/expanded_url","urls/0/url","user/advertiser_account_type","user/blocked_by","user/blocking","user/business_profile_state","user/can_dm","user/contributors_enabled","user/created_at","user/default_profile_image","user/description","user/ext_has_nft_avatar","user/ext_is_blue_verified","user/ext_verified_type","user/fast_followers_count","user/favourites_count","user/follow_request_sent","user/followed_by","user/followers_count","user/following","user/friends_count","user/geo_enabled","user/has_custom_timelines","user/id","user/id_str","user/is_translation_enabled","user/is_translator","user/lang","user/listed_count","user/location","user/media_count","user/muting","user/name","user/normal_followers_count","user/notifications","user/profile_background_color","user/profile_background_image_url","user/profile_background_image_url_https","user/profile_background_tile","user/profile_banner_extensions_sensitive_media_warning","user/profile_banner_url","user/profile_image_extensions_sensitive_media_warning","user/profile_image_url","user/profile_image_url_https","user/profile_sidebar_border_color","user/profile_sidebar_fill_color","user/profile_text_color","user/profile_use_background_image","user/protected","user/require_some_consent","user/screen_name","user/statuses_count","user/time_zone","user/translator_type","user/url","user/utc_offset","user/verified","user/want_retweets","user_mentions/0/id_str","user_mentions/0/name","user_mentions/0/screen_name","user_mentions/1/id_str","user_mentions/1/name","user_mentions/1/screen_name","user_mentions/2/id_str","user_mentions/2/name","user_mentions/2/screen_name","view_count"
"1630759105454325760","2023-03-01T02:37:23.000Z","0","#Gunsafetypresident #joebiden #potus hero president world  special 🪙🪙🪙🪙🪙💰💰💰💰💰🇺🇸🇺🇸🇺🇸 https://t.co/x3voMkMSD0","Gunsafetypresident","joebiden","potus","1630759105454325760","https://pbs.twimg.com/media/FqGeqJ4WYAIDcVY.jpg","photo",,,,,"0","0","https://mobile.twitter.com/hashtag/gunsafetypresident","https://twitter.com/Demetrehunter23/status/1630759105454325760",,,,"none",,,"none",,"false","2021-10-12T22:07:50.000Z","false","#Hannabarbera #scoobydoo #scoobydoohistory   #captaincaveman #jabberjaw #speedbuggy #TheFunkyphantom  #velicityvon #rileyevans  #mystery   #scoobydoomovies","false","false",,"0","7039",,,"984",,"3812","false","false","1448047748541042700","1448047748541042689","false","false",,"0","Hanna barbera studios ","25329",,"Demetre hunter super scooby doo king","984",,"F5F8FA",,,"false",,"https://pbs.twimg.com/profile_banners/1448047748541042689/1676608429",,"http://pbs.twimg.com/profile_images/1587567964064210944/lczQGgAu_normal.jpg","https://pbs.twimg.com/profile_images/1587567964064210944/lczQGgAu_normal.jpg","C0DEED","DDEEF6","333333","true","false","false","Demetrehunter23","101701",,"none","https://t.co/ivKnJkg78m",,"false",,,,,,,,,,,"5"
"1630939129981673473","2023-03-01T14:32:44.000Z","0","A take-anywhere door lock, silicone spikes that keep your shower clean, and a chunk of etched glass that smooths your feet.",,,,"1630939129981673473",,,,,,,"0","0","https://mobile.twitter.com/hashtag/gunsafetypresident","https://twitter.com/lovetoknow/status/1630939129981673473",,,,"promotable_user",,,"none",,"false","2008-12-24T08:24:14.000Z","false","your internet besties here to help you live a life you love✨ | exploring all things home/wellness/entertaining/family/pets/relationships & more 👇","false","false",,"0","1652",,,"12152",,"4493","false","false","18354034","18354034","false","false",,"213","http://www.lovetoknow.com","4100",,"LoveToKnow","12152",,"C0DEED","http://abs.twimg.com/images/themes/theme1/bg.png","https://abs.twimg.com/images/themes/theme1/bg.png","false",,"https://pbs.twimg.com/profile_banners/18354034/1647556483",,"http://pbs.twimg.com/profile_images/1361807996540628992/nBFRy-kV_normal.jpg","https://pbs.twimg.com/profile_images/1361807996540628992/nBFRy-kV_normal.jpg","C0DEED","DDEEF6","333333","true","false","false","lovetoknow","8095",,"none","https://t.co/JLO47lzoWm",,"false",,,,,,,,,,,"1314"
"1627673677960732673","2023-02-20T14:17:00.000Z","61","How to tell if your MacBook💻 has memory issues",,,,"1627673677960732673",,,,,,,"9","25","https://mobile.twitter.com/hashtag/gunsafetypresident","https://twitter.com/cleanmymac/status/1627673677960732673",,,,"promotable_user",,,"none",,"false","2010-01-28T22:39:06.000Z","false","All-in-one utility app to awesomize your Mac. 
🤍 Made with care by MacPaw
✨ Recommended by Forbes & Cult of Mac
👇 Download the app","false","false",,"0","4862",,,"5618",,"80","false","false","109394846","109394846","false","false",,"106","","988",,"CleanMyMac","5618",,"C0DEED","http://abs.twimg.com/images/themes/theme1/bg.png","https://abs.twimg.com/images/themes/theme1/bg.png","false",,"https://pbs.twimg.com/profile_banners/109394846/1646071513",,"http://pbs.twimg.com/profile_images/1498358635994677249/hww5kiSc_normal.png","https://pbs.twimg.com/profile_images/1498358635994677249/hww5kiSc_normal.png","C0DEED","DDEEF6","333333","true","false","false","cleanmymac","3444",,"none","https://t.co/MLODQzZR6m",,"false",,,,,,,,,,,"218707"
"1587730689008570368","2022-11-02T08:57:49.000Z","323","Surf the web faster and safety with new BRAVE browser",,,,"1587730689008570368",,,,,,,"915","302","https://mobile.twitter.com/hashtag/gunsafetypresident","https://twitter.com/TiendasPremier/status/1587730689008570368",,,,"promotable_user",,,"none",,"false","2013-01-16T21:16:55.000Z","false","Tiendas Premier.  Electrónica, Electrodomésticos, Línea Blanca y muchos más…  Whatsapp 6236-3654","false","false",,"0","64",,,"9020",,"12","true","false","1096383374","1096383374","false","false",,"16","Panamá","7596",,"TiendasPremierPanamá","9020",,"166F8A","http://abs.twimg.com/images/themes/theme15/bg.png","https://abs.twimg.com/images/themes/theme15/bg.png","false",,"https://pbs.twimg.com/profile_banners/1096383374/1593187039",,"http://pbs.twimg.com/profile_images/1613577962384756738/z9e2xPWB_normal.jpg","https://pbs.twimg.com/profile_images/1613577962384756738/z9e2xPWB_normal.jpg","000000","C0DFEC","333333","true","false","false","TiendasPremier","11012",,"none",,,"false",,,,,,,,,,,
"1462065698004475905","2021-11-20T14:30:00.000Z","630","Happy birthday, @JoeBiden! Sending you a celebratory elbow bump.

Your compassion and integrity in the Oval Office is what our country wants. Thank you for being the #GunSafetyPresident we need. https://t.co/bHteq9DyJG","GunSafetyPresident",,,"1462065698004475905","https://pbs.twimg.com/tweet_video_thumb/FEmK57_XIAQwORs.jpg","photo",,,,,"13","50","https://mobile.twitter.com/hashtag/gunsafetypresident","https://twitter.com/GabbyGiffords/status/1462065698004475905",,,,"promotable_user",,,"none",,"false","2009-06-02T18:43:03.000Z","false","Proudly served Arizona's 8th District in the United States Congress 2007-2012. Co-founded @GiffordsCourage. Aphasia advocate. Married to @CaptMarkKelly.","false","false",,"0","5418",,,"389033",,"6100","true","false","44177383","44177383","false","false",,"3886","Tucson, Arizona","1082",,"Gabrielle Giffords","389033",,"9AE4E8","http://abs.twimg.com/images/themes/theme1/bg.png","https://abs.twimg.com/images/themes/theme1/bg.png","false",,"https://pbs.twimg.com/profile_banners/44177383/1532630040",,"http://pbs.twimg.com/profile_images/1055201639072702464/48M5UMRD_normal.jpg","https://pbs.twimg.com/profile_images/1055201639072702464/48M5UMRD_normal.jpg","BDDCAD","DDFFCC","333333","true","false","false","GabbyGiffords","7488",,"none","https://t.co/2OoYKGhoo1",,"true",,"939091","Joe Biden","JoeBiden",,,,,,,
"1325952618846326784","2020-11-10T00:05:13.000Z","1323","My friends @JoeBiden and @KamalaHarris always stand up for what’s right. Running for #GunSafetyPresident, they took on the gun lobby and won.

I wanted to highlight some of the ways we at @GiffordsCourage stood with them along the way. [1/7] https://t.co/NoOyOGUsgF","GunSafetyPresident",,,"1325952618846326784","https://pbs.twimg.com/media/Ema6yMLVoAE5EvP.jpg","photo",,,,,"11","86","https://mobile.twitter.com/hashtag/gunsafetypresident","https://twitter.com/GabbyGiffords/status/1325952618846326784",,,,"promotable_user",,,"none",,"false","2009-06-02T18:43:03.000Z","false","Proudly served Arizona's 8th District in the United States Congress 2007-2012. Co-founded @GiffordsCourage. Aphasia advocate. Married to @CaptMarkKelly.","false","false",,"0","5418",,,"389033",,"6100","true","false","44177383","44177383","false","false",,"3886","Tucson, Arizona","1082",,"Gabrielle Giffords","389033",,"9AE4E8","http://abs.twimg.com/images/themes/theme1/bg.png","https://abs.twimg.com/images/themes/theme1/bg.png","false",,"https://pbs.twimg.com/profile_banners/44177383/1532630040",,"http://pbs.twimg.com/profile_images/1055201639072702464/48M5UMRD_normal.jpg","https://pbs.twimg.com/profile_images/1055201639072702464/48M5UMRD_normal.jpg","BDDCAD","DDFFCC","333333","true","false","false","GabbyGiffords","7488",,"none","https://t.co/2OoYKGhoo1",,"true",,"939091","Joe Biden","JoeBiden","30354991","Kamala Harris","KamalaHarris","587536673","Giffords","GiffordsCourage",
"1297584783363657729","2020-08-23T17:21:34.000Z","17904","This week @JoeBiden and @KamalaHarris reminded us what compassionate, strong leadership looks like. I'm voting for Joe and Kamala because they've spent their careers fighting to stop gun violence. If you can’t already tell, I'm excited to help elect them. #GunSafetyPresident https://t.co/DXEN0pClFD","GunSafetyPresident",,,"1297584783363657729","https://pbs.twimg.com/media/EgHyZspXoAkdnuL.jpg","photo",,,,,"235","2509","https://mobile.twitter.com/hashtag/gunsafetypresident","https://twitter.com/GabbyGiffords/status/1297584783363657729",,,,"promotable_user",,,"none",,"false","2009-06-02T18:43:03.000Z","false","Proudly served Arizona's 8th District in the United States Congress 2007-2012. Co-founded @GiffordsCourage. Aphasia advocate. Married to @CaptMarkKelly.","false","false",,"0","5418",,,"389033",,"6100","true","false","44177383","44177383","false","false",,"3886","Tucson, Arizona","1082",,"Gabrielle Giffords","389033",,"9AE4E8","http://abs.twimg.com/images/themes/theme1/bg.png","https://abs.twimg.com/images/themes/theme1/bg.png","false",,"https://pbs.twimg.com/profile_banners/44177383/1532630040",,"http://pbs.twimg.com/profile_images/1055201639072702464/48M5UMRD_normal.jpg","https://pbs.twimg.com/profile_images/1055201639072702464/48M5UMRD_normal.jpg","BDDCAD","DDFFCC","333333","true","false","false","GabbyGiffords","7488",,"none","https://t.co/2OoYKGhoo1",,"true",,"939091","Joe Biden","JoeBiden","30354991","Kamala Harris","KamalaHarris",,,,
"1296270111213592577","2020-08-20T02:17:32.000Z","5584","Joe, I will do absolutely everything in my power to elect you President of the United States. Together, we will take historic action and save countless lives. #GunSafetyPresident #DemConvention","GunSafetyPresident","DemConvention",,"1296270111213592577",,,,,,,"104","881","https://mobile.twitter.com/hashtag/gunsafetypresident","https://twitter.com/GabbyGiffords/status/1296270111213592577",,,,"promotable_user",,,"none",,"false","2009-06-02T18:43:03.000Z","false","Proudly served Arizona's 8th District in the United States Congress 2007-2012. Co-founded @GiffordsCourage. Aphasia advocate. Married to @CaptMarkKelly.","false","false",,"0","5418",,,"389033",,"6100","true","false","44177383","44177383","false","false",,"3886","Tucson, Arizona","1082",,"Gabrielle Giffords","389033",,"9AE4E8","http://abs.twimg.com/images/themes/theme1/bg.png","https://abs.twimg.com/images/themes/theme1/bg.png","false",,"https://pbs.twimg.com/profile_banners/44177383/1532630040",,"http://pbs.twimg.com/profile_images/1055201639072702464/48M5UMRD_normal.jpg","https://pbs.twimg.com/profile_images/1055201639072702464/48M5UMRD_normal.jpg","BDDCAD","DDFFCC","333333","true","false","false","GabbyGiffords","7488",,"none","https://t.co/2OoYKGhoo1",,"true",,,,,,,,,,,
"1296255630483894272","2020-08-20T01:20:00.000Z","31982","I’m doing this for Gabby. I’m doing this for so many families who have lost a loved one to gun violence. We’re going to be on the right side of history. #DemConvention https://t.co/DhTCg1jmbr","DemConvention",,,"1296255630483894272","https://pbs.twimg.com/media/Ef01IEaWsAAMAtG.jpg","photo",,,,,"671","5596","https://mobile.twitter.com/hashtag/gunsafetypresident","https://twitter.com/JoeBiden/status/1296255630483894272",,,,"promotable_user",,,"none",,"false","2007-03-11T17:51:24.000Z","false","Husband to @DrBiden, proud father and grandfather. Ready to build back better for all Americans. Official account is @POTUS.","false","false","Government","0","25",,,"37017228",,"47","false","false","939091","939091","false","false",,"41185","Washington, DC","2459",,"Joe Biden","37017228",,"565959","http://abs.twimg.com/images/themes/theme1/bg.png","https://abs.twimg.com/images/themes/theme1/bg.png","true",,"https://pbs.twimg.com/profile_banners/939091/1626295479",,"http://pbs.twimg.com/profile_images/1308769664240160770/AfgzWVE7_normal.jpg","https://pbs.twimg.com/profile_images/1308769664240160770/AfgzWVE7_normal.jpg","FFFFFF","EBEBFF","323232","true","false","false","JoeBiden","8964",,"none","https://t.co/UClrPuJpyZ",,"true",,,,,,,,,,,
"1296107202466533376","2020-08-19T15:30:12.000Z","2248","I know @JoeBiden—and I’m excited to speak at the #DemConvention tonight about why I’m supporting him for #GunSafetyPresident. See you all at 9pm ET! https://t.co/dfmHH4Gb7U https://t.co/sySNiZWFsJ","DemConvention","GunSafetyPresident",,"1296107202466533376","https://pbs.twimg.com/media/EfyyoYvXgAAvi4o.jpg","photo",,,,,"28","354","https://mobile.twitter.com/hashtag/gunsafetypresident","https://twitter.com/GabbyGiffords/status/1296107202466533376","demconvention.com/watch","http://demconvention.com/watch","https://t.co/dfmHH4Gb7U","promotable_user",,,"none",,"false","2009-06-02T18:43:03.000Z","false","Proudly served Arizona's 8th District in the United States Congress 2007-2012. Co-founded @GiffordsCourage. Aphasia advocate. Married to @CaptMarkKelly.","false","false",,"0","5418",,,"389033",,"6100","true","false","44177383","44177383","false","false",,"3886","Tucson, Arizona","1082",,"Gabrielle Giffords","389033",,"9AE4E8","http://abs.twimg.com/images/themes/theme1/bg.png","https://abs.twimg.com/images/themes/theme1/bg.png","false",,"https://pbs.twimg.com/profile_banners/44177383/1532630040",,"http://pbs.twimg.com/profile_images/1055201639072702464/48M5UMRD_normal.jpg","https://pbs.twimg.com/profile_images/1055201639072702464/48M5UMRD_normal.jpg","BDDCAD","DDFFCC","333333","true","false","false","GabbyGiffords","7488",,"none","https://t.co/2OoYKGhoo1",,"true",,"939091","Joe Biden","JoeBiden",,,,,,,
"1239603585748434944","2020-03-16T17:25:00.000Z","11494","Speaking is still hard for me—videos like this one require practice and preparation.

But the choice couldn’t be clearer: I’m voting for @JoeBiden for #GunSafetyPresident because he’s made fighting gun violence—in every school, city and neighborhood—a top priority. https://t.co/LYQVEUHvkd","GunSafetyPresident",,,"1239603585748434944","https://pbs.twimg.com/media/ES1OD9WWoAANv1r.jpg","photo",,,,,"325","3273","https://mobile.twitter.com/hashtag/gunsafetypresident","https://twitter.com/GabbyGiffords/status/1239603585748434944",,,,"promotable_user",,,"none",,"false","2009-06-02T18:43:03.000Z","false","Proudly served Arizona's 8th District in the United States Congress 2007-2012. Co-founded @GiffordsCourage. Aphasia advocate. Married to @CaptMarkKelly.","false","false",,"0","5418",,,"389033",,"6100","true","false","44177383","44177383","false","false",,"3886","Tucson, Arizona","1082",,"Gabrielle Giffords","389033",,"9AE4E8","http://abs.twimg.com/images/themes/theme1/bg.png","https://abs.twimg.com/images/themes/theme1/bg.png","false",,"https://pbs.twimg.com/profile_banners/44177383/1532630040",,"http://pbs.twimg.com/profile_images/1055201639072702464/48M5UMRD_normal.jpg","https://pbs.twimg.com/profile_images/1055201639072702464/48M5UMRD_normal.jpg","BDDCAD","DDFFCC","333333","true","false","false","GabbyGiffords","7488",,"none","https://t.co/2OoYKGhoo1",,"true",,"939091","Joe Biden","JoeBiden",,,,,,,
"1238437229116166146","2020-03-13T12:10:19.000Z","140","powerful ful words from a #GunSafetyPresident @JoeBiden https://t.co/7XmsuhKNqq","GunSafetyPresident",,,"1238437229116166146","https://pbs.twimg.com/media/EHGM2TOWoAEpLlh.jpg","photo",,,,,"7","65","https://mobile.twitter.com/hashtag/gunsafetypresident","https://twitter.com/D_jeneration/status/1238437229116166146",,,,"promotable_user",,,"none",,"false","2009-07-24T19:17:17.000Z","false","Singer/Artist and Defender of  democracy ,#DemVoice1 #ONEV1 Z25 #Biden2020 for @JoeBiden #RESISTER   #BlackLivesMatter","false","false",,"0","163189",,,"26904",,"5795","false","true","59862199","59862199","false","false",,"78","","2442",,"Henry Djoutsa 🇨🇲🇺🇸 Supports🇺🇦","26904",,"FFF04D","http://abs.twimg.com/images/themes/theme19/bg.gif","https://abs.twimg.com/images/themes/theme19/bg.gif","false",,"https://pbs.twimg.com/profile_banners/59862199/1645929789",,"http://pbs.twimg.com/profile_images/1627745450596962336/03AUe1jS_normal.jpg","https://pbs.twimg.com/profile_images/1627745450596962336/03AUe1jS_normal.jpg","FFF8AD","F6FFD1","333333","true","false","false","D_jeneration","47410",,"none",,,"false",,"939091","Joe Biden","JoeBiden",,,,,,,
"1237904948458917889","2020-03-12T00:55:13.000Z","812","Almost two years ago, @JoeBiden and I met with Parkland survivors before the March For Our Lives. I’ll never forget the comfort he brought them. I know he’ll lead with the same compassion and determination to make change when he's elected #GunSafetyPresident. https://t.co/w4t495kN8T","GunSafetyPresident",,,"1237904948458917889","https://pbs.twimg.com/media/ES3r_EcWsAYttNO.jpg","photo","https://pbs.twimg.com/media/ES3r_EdXgAEjoKT.jpg","photo","https://pbs.twimg.com/media/ES3r_FiWkAEeqot.jpg","photo","11","172","https://mobile.twitter.com/hashtag/gunsafetypresident","https://twitter.com/GabbyGiffords/status/1237904948458917889",,,,"promotable_user",,,"none",,"false","2009-06-02T18:43:03.000Z","false","Proudly served Arizona's 8th District in the United States Congress 2007-2012. Co-founded @GiffordsCourage. Aphasia advocate. Married to @CaptMarkKelly.","false","false",,"0","5418",,,"389033",,"6100","true","false","44177383","44177383","false","false",,"3886","Tucson, Arizona","1082",,"Gabrielle Giffords","389033",,"9AE4E8","http://abs.twimg.com/images/themes/theme1/bg.png","https://abs.twimg.com/images/themes/theme1/bg.png","false",,"https://pbs.twimg.com/profile_banners/44177383/1532630040",,"http://pbs.twimg.com/profile_images/1055201639072702464/48M5UMRD_normal.jpg","https://pbs.twimg.com/profile_images/1055201639072702464/48M5UMRD_normal.jpg","BDDCAD","DDFFCC","333333","true","false","false","GabbyGiffords","7488",,"none","https://t.co/2OoYKGhoo1",,"true",,"939091","Joe Biden","JoeBiden",,,,,,,
"1237733772495380482","2020-03-11T13:35:02.000Z","17103","I’m proud to endorse @JoeBiden for President of the United States.

After I was shot, Joe was there for me. And he's always been there for the gun safety movement.

He’s taken on the NRA and passed gun safety bills—and he’s running to be a #GunSafetyPresident to do it again. https://t.co/tkw0NK1T0B","GunSafetyPresident",,,"1237733772495380482","https://pbs.twimg.com/media/ES1OD9WWoAANv1r.jpg","photo",,,,,"251","4023","https://mobile.twitter.com/hashtag/gunsafetypresident","https://twitter.com/GabbyGiffords/status/1237733772495380482",,,,"promotable_user",,,"none",,"false","2009-06-02T18:43:03.000Z","false","Proudly served Arizona's 8th District in the United States Congress 2007-2012. Co-founded @GiffordsCourage. Aphasia advocate. Married to @CaptMarkKelly.","false","false",,"0","5418",,,"389033",,"6100","true","false","44177383","44177383","false","false",,"3886","Tucson, Arizona","1082",,"Gabrielle Giffords","389033",,"9AE4E8","http://abs.twimg.com/images/themes/theme1/bg.png","https://abs.twimg.com/images/themes/theme1/bg.png","false",,"https://pbs.twimg.com/profile_banners/44177383/1532630040",,"http://pbs.twimg.com/profile_images/1055201639072702464/48M5UMRD_normal.jpg","https://pbs.twimg.com/profile_images/1055201639072702464/48M5UMRD_normal.jpg","BDDCAD","DDFFCC","333333","true","false","false","GabbyGiffords","7488",,"none","https://t.co/2OoYKGhoo1",,"true",,"939091","Joe Biden","JoeBiden",,,,,,,
"1232483911998984192","2020-02-26T01:53:57.000Z","1097","Gun safety is front and center on the debate stage tonight. Exactly where it should be.

100 people die every single day from gun violence in America. This issue needs to be a priority on day one. #demdebate #gunsafetypresident","demdebate","gunsafetypresident",,"1232483911998984192",,,,,,,"29","198","https://mobile.twitter.com/hashtag/gunsafetypresident","https://twitter.com/GabbyGiffords/status/1232483911998984192",,,,"promotable_user",,,"none",,"false","2009-06-02T18:43:03.000Z","false","Proudly served Arizona's 8th District in the United States Congress 2007-2012. Co-founded @GiffordsCourage. Aphasia advocate. Married to @CaptMarkKelly.","false","false",,"0","5418",,,"389033",,"6100","true","false","44177383","44177383","false","false",,"3886","Tucson, Arizona","1082",,"Gabrielle Giffords","389033",,"9AE4E8","http://abs.twimg.com/images/themes/theme1/bg.png","https://abs.twimg.com/images/themes/theme1/bg.png","false",,"https://pbs.twimg.com/profile_banners/44177383/1532630040",,"http://pbs.twimg.com/profile_images/1055201639072702464/48M5UMRD_normal.jpg","https://pbs.twimg.com/profile_images/1055201639072702464/48M5UMRD_normal.jpg","BDDCAD","DDFFCC","333333","true","false","false","GabbyGiffords","7488",,"none","https://t.co/2OoYKGhoo1",,"true",,,,,,,,,,,
"1229556384657821696","2020-02-18T00:01:00.000Z","709","On Presidents Day, I’m reminded of how much is at stake this year. We need a president who stands up to the NRA and fights for stronger gun laws. It's on us to make that vision a reality. #GunSafetyPresident https://t.co/xBrFiJJnwN","GunSafetyPresident",,,"1229556384657821696","https://pbs.twimg.com/media/EM9u-XWU8AAr8rw.jpg","photo",,,,,"17","161","https://mobile.twitter.com/hashtag/gunsafetypresident","https://twitter.com/GabbyGiffords/status/1229556384657821696",,,,"promotable_user",,,"none",,"false","2009-06-02T18:43:03.000Z","false","Proudly served Arizona's 8th District in the United States Congress 2007-2012. Co-founded @GiffordsCourage. Aphasia advocate. Married to @CaptMarkKelly.","false","false",,"0","5418",,,"389033",,"6100","true","false","44177383","44177383","false","false",,"3886","Tucson, Arizona","1082",,"Gabrielle Giffords","389033",,"9AE4E8","http://abs.twimg.com/images/themes/theme1/bg.png","https://abs.twimg.com/images/themes/theme1/bg.png","false",,"https://pbs.twimg.com/profile_banners/44177383/1532630040",,"http://pbs.twimg.com/profile_images/1055201639072702464/48M5UMRD_normal.jpg","https://pbs.twimg.com/profile_images/1055201639072702464/48M5UMRD_normal.jpg","BDDCAD","DDFFCC","333333","true","false","false","GabbyGiffords","7488",,"none","https://t.co/2OoYKGhoo1",,"true",,,,,,,,,,,
"1176270051009343488","2019-09-23T23:00:08.000Z","337","America doesn't need more of Trump’s NRA talking points.

We need universal background checks.

We need a #GunSafetyPresident with a vision and plan to make us safer. These 2020 candidates agree. https://t.co/FQvi3gpOyE","GunSafetyPresident",,,"1176270051009343488","https://pbs.twimg.com/media/EE73dybXsAUcys7.jpg","photo",,,,,"8","79","https://mobile.twitter.com/hashtag/gunsafetypresident","https://twitter.com/GabbyGiffords/status/1176270051009343488",,,,"promotable_user",,,"none",,"false","2009-06-02T18:43:03.000Z","false","Proudly served Arizona's 8th District in the United States Congress 2007-2012. Co-founded @GiffordsCourage. Aphasia advocate. Married to @CaptMarkKelly.","false","false",,"0","5418",,,"389033",,"6100","true","false","44177383","44177383","false","false",,"3886","Tucson, Arizona","1082",,"Gabrielle Giffords","389033",,"9AE4E8","http://abs.twimg.com/images/themes/theme1/bg.png","https://abs.twimg.com/images/themes/theme1/bg.png","false",,"https://pbs.twimg.com/profile_banners/44177383/1532630040",,"http://pbs.twimg.com/profile_images/1055201639072702464/48M5UMRD_normal.jpg","https://pbs.twimg.com/profile_images/1055201639072702464/48M5UMRD_normal.jpg","BDDCAD","DDFFCC","333333","true","false","false","GabbyGiffords","7488",,"none","https://t.co/2OoYKGhoo1",,"true",,,,,,,,,,,
"1172345012366921728","2019-09-13T03:03:26.000Z","277","My 7 year old daughters “lock down drill” at school was so anxiety provoking for her...she talked about it all night before and didn’t not want to go to school....#GunSafetyPresident","GunSafetyPresident",,,"1172345012366921728",,,,,,,"15","99","https://mobile.twitter.com/hashtag/gunsafetypresident","https://twitter.com/MaMaLaLa4/status/1172345012366921728",,,,"none",,,"none",,"false","2011-02-18T04:06:56.000Z","false","I love Jesus, but I cuss a little....","false","false",,"0","1255",,,"94",,"213","false","false","253872428","253872428","false","false",,"0","Land of Love","16",,"Laura Leah Olsen","94",,"000000","http://abs.twimg.com/images/themes/theme5/bg.gif","https://abs.twimg.com/images/themes/theme5/bg.gif","false",,"https://pbs.twimg.com/profile_banners/253872428/1468507287",,"http://pbs.twimg.com/profile_images/703219964308639744/k6n-CB7l_normal.jpg","https://pbs.twimg.com/profile_images/703219964308639744/k6n-CB7l_normal.jpg","000000","000000","000000","false","false","false","MaMaLaLa4","469",,"none",,,"false",,,,,,,,,,,
"1172217920166014977","2019-09-12T18:38:25.000Z","1997","Disappointing to see @KamalaHarris cut out of this #GunSafetyPresident video clip on @MSNBC—particularly when she was the very first candidate to have a gun violence prevention plan, including taking bold executive action if Congress fails to act within 100 days of her election. https://t.co/WSfU4UOpwI","GunSafetyPresident",,,"1172217920166014977","https://pbs.twimg.com/ext_tw_video_thumb/1172217855846289408/pu/img/38bYKocxE56LDkOu.jpg","photo",,,,,"213","753","https://mobile.twitter.com/hashtag/gunsafetypresident","https://twitter.com/mayaharris_/status/1172217920166014977",,,,"promotable_user",,,"none",,"false","2014-01-27T17:57:56.000Z","false","Mom, wife, “Gramma,” sister, lawyer, advocate for equality & justice","false","false",,"0","13685",,,"440764",,"1054","false","true","2314055840","2314055840","false","false",,"1065","CA↔NYC","593",,"Maya Harris","440764",,"F7F9FA","http://abs.twimg.com/images/themes/theme1/bg.png","https://abs.twimg.com/images/themes/theme1/bg.png","false",,"https://pbs.twimg.com/profile_banners/2314055840/1571714370",,"http://pbs.twimg.com/profile_images/1259753259797012481/fSxKaZxz_normal.jpg","https://pbs.twimg.com/profile_images/1259753259797012481/fSxKaZxz_normal.jpg","FFFFFF","DDEEF6","333333","false","false","false","mayaharris_","7567",,"none","https://t.co/SpoJRXG5qn",,"true",,"30354991","Kamala Harris","KamalaHarris","2836421","MSNBC","MSNBC",,,,
"1171507084417912832","2019-09-10T19:33:49.000Z","1046","Thank you for this powerful ad, @GiffordsCourage. Who is your #GunSafetyPresident, friends? https://t.co/5q4xijboIR","GunSafetyPresident",,,"1171507084417912832","https://pbs.twimg.com/media/EEIGpIZUYAASs8g.jpg","photo",,,,,"48","233","https://mobile.twitter.com/hashtag/gunsafetypresident","https://twitter.com/GeorgeTakei/status/1171507084417912832",,,,"promotable_user",,,"none",,"false","2011-01-13T19:33:56.000Z","false","I am a parody of myself, if anyone wonders if this is really me.","false","true",,"0","26316",,,"3461820",,"1141","true","true","237845487","237845487","false","false",,"21000","Broadway - New York, NY","17717",,"George Takei","3461820",,"022330","http://abs.twimg.com/images/themes/theme1/bg.png","https://abs.twimg.com/images/themes/theme1/bg.png","false",,"https://pbs.twimg.com/profile_banners/237845487/1669060732",,"http://pbs.twimg.com/profile_images/1395773050881196032/yCpIyKBt_normal.jpg","https://pbs.twimg.com/profile_images/1395773050881196032/yCpIyKBt_normal.jpg","FFFFFF","DDEEF6","333333","true","false","false","GeorgeTakei","103464",,"none","https://t.co/6SaEFkOGm2",,"true",,"587536673","Giffords","GiffordsCourage",,,,,,,
"1171454395633946630","2019-09-10T16:04:27.000Z","209","As we debate and squabble our way through primary season this is a powerful, poignant reminder that while we may have ideas on how to achieve our goals we are all of us, as Democrats, reaching for the same destination.

#GunSafetyPresident
https://t.co/kLo4SU2gaS","GunSafetyPresident",,,"1171454395633946630","https://pbs.twimg.com/ext_tw_video_thumb/1171202997428396032/pu/img/Ifg3CQXhn6BYEhrp.jpg","photo",,,,,"7","130","https://mobile.twitter.com/hashtag/gunsafetypresident","https://twitter.com/SixPersistsBlue/status/1171454395633946630",,,,"promotable_user",,,"none",,"false","2015-11-13T03:48:34.000Z","false","Schrodinger's Queer 🏳️‍🌈 She/Her.
Recovering academic, hot mess.
Find me via LinkTree.
I'm also crafty: @StarsAndArrow
Throne: https://t.co/Ra2JbQoE29","false","false",,"0","1049471",,,"21350",,"6503","false","true","4219456873","4219456873","false","false",,"30","GeeksResist Headquarters","6228",,"Crewman Six, Snack Viking 🪓","21350",,"000000","http://abs.twimg.com/images/themes/theme1/bg.png","https://abs.twimg.com/images/themes/theme1/bg.png","false",,"https://pbs.twimg.com/profile_banners/4219456873/1668481913",,"http://pbs.twimg.com/profile_images/1414732274323623937/FNQ04URi_normal.jpg","https://pbs.twimg.com/profile_images/1414732274323623937/FNQ04URi_normal.jpg","000000","000000","000000","false","false","false","SixPersistsBlue","236994",,"none","https://t.co/5jl7BDSvOR",,"false",,,,,,,,,,,
"1171438156895289356","2019-09-10T14:59:55.000Z","464","Every day since Sandy Hook I’ve taken a photo of my Bella. Just in case. I try to ease her anxiety about gun safety drills and check every entrance and exit of any public space. Just in case. We don’t have to live and die this way. Damn right I want a #GunSafetyPresident! https://t.co/BpRAyy5UmM","GunSafetyPresident",,,"1171438156895289356","https://pbs.twimg.com/media/EEHIy3wVAAAq9GR.jpg","photo",,,,,"24","162","https://mobile.twitter.com/hashtag/gunsafetypresident","https://twitter.com/sfpelosi/status/1171438156895289356",,,,"promotable_user",,,"none",,"false","2008-07-15T21:46:11.000Z","false","Mom Wife Daughter Sister🗽Attorney Author Activist 🇺🇸","false","true",,"0","44485",,,"189244",,"6928","true","true","15446551","15446551","false","false",,"1191","San Francisco, CA","12524",,"Christine Pelosi","189244",,"31343D","http://abs.twimg.com/images/themes/theme10/bg.gif","https://abs.twimg.com/images/themes/theme10/bg.gif","false",,"https://pbs.twimg.com/profile_banners/15446551/1638233528",,"http://pbs.twimg.com/profile_images/1584290370560532481/rda1ASzX_normal.jpg","https://pbs.twimg.com/profile_images/1584290370560532481/rda1ASzX_normal.jpg","212535","000C29","323E4C","true","false","false","sfpelosi","115380",,"none","https://t.co/ilbAUltanS",,"false",,,,,,,,,,,
"1171407672282963969","2019-09-10T12:58:47.000Z","427","As kids go back to school scared of getting shot, we’ve teamed up with some top 2020 candidates to send a simple message to America:

It’s past time for action—it’s past time for a #GunSafetyPresident. Join us: https://t.co/frfrgwl4VL https://t.co/qwD6Oq0urW","GunSafetyPresident",,,"1171407672282963969","https://pbs.twimg.com/media/ED9I-KrW4AYbvck.jpg","photo",,,,,"16","160","https://mobile.twitter.com/hashtag/gunsafetypresident","https://twitter.com/GiffordsCourage/status/1171407672282963969","giffords.org/gunsafetypresi…","http://giffords.org/gunsafetypresident","https://t.co/frfrgwl4VL","promotable_user",,,"none",,"false","2012-05-22T16:10:22.000Z","false","Led by @GabbyGiffords, we’re on a mission to save lives from gun violence. Text COURAGE to 34131 to join the fight.","false","false",,"0","13166",,,"104069",,"2594","true","true","587536673","587536673","false","false",,"848","Washington, DC","2594",,"Giffords","104069",,"666767","http://abs.twimg.com/images/themes/theme1/bg.png","https://abs.twimg.com/images/themes/theme1/bg.png","true",,"https://pbs.twimg.com/profile_banners/587536673/1570223444",,"http://pbs.twimg.com/profile_images/1282375580281982976/zlQNvu7N_normal.jpg","https://pbs.twimg.com/profile_images/1282375580281982976/zlQNvu7N_normal.jpg","C0DEED","DDEEF6","333333","true","false","false","GiffordsCourage","25348",,"none","https://t.co/NB3NWyKEQV",,"true",,,,,,,,,,,
"1171375097514532865","2019-09-10T10:49:21.000Z","853","I want a #GunSafetyPresident, not a @GOP stooge bought and paid for by the #NRA‼️

 https://t.co/5KzR3812FX","GunSafetyPresident","NRA",,"1171375097514532865","https://pbs.twimg.com/ext_tw_video_thumb/1171202997428396032/pu/img/Ifg3CQXhn6BYEhrp.jpg","photo",,,,,"15","265","https://mobile.twitter.com/hashtag/gunsafetypresident","https://twitter.com/DrDenaGrayson/status/1171375097514532865",,,,"promotable_user",,,"none",,"false","2013-08-06T23:34:40.000Z","false","Ran for Congress. Lover of #science, truth and democracy.","false","true",,"0","173178",,,"299548",,"492","false","true","1651522832","1651522832","false","false",,"2461","Florida","5339",,"Dena Grayson, MD, PhD","299548",,"022330","http://abs.twimg.com/images/themes/theme15/bg.png","https://abs.twimg.com/images/themes/theme15/bg.png","false",,"https://pbs.twimg.com/profile_banners/1651522832/1541350200",,"http://pbs.twimg.com/profile_images/1537165050930245634/G1z2zVD__normal.jpg","https://pbs.twimg.com/profile_images/1537165050930245634/G1z2zVD__normal.jpg","000000","000000","000000","true","false","false","DrDenaGrayson","81104",,"none","https://t.co/GfWYSqCddH",,"true",,"11134252","GOP","GOP",,,,,,,
"1171235333905833984","2019-09-10T01:33:58.000Z","826","I’m proud of this field of leaders. Ending gun violence in this country will take courage, it will take determination, and it will take all of us. The time is now.

RT if you’ll be supporting a #GunSafetyPresident on November 3, 2020. https://t.co/Bi1Ggs9XFf","GunSafetyPresident",,,"1171235333905833984","https://pbs.twimg.com/media/ED9I-KrW4AYbvck.jpg","photo",,,,,"29","423","https://mobile.twitter.com/hashtag/gunsafetypresident","https://twitter.com/JeffMerkley/status/1171235333905833984",,,,"promotable_user",,,"none",,"false","2010-12-05T16:03:18.000Z","false","Husband. Dad. Garage tinkerer. Thorn in the side of the privileged and powerful. U.S. Senator from Oregon. Official campaign account. Fighting for YOU. He/Him.","false","false",,"0","2803",,,"108112",,"9042","true","false","223166587","223166587","false","false",,"1068","","589",,"Jeff Merkley","108112",,"33637D","http://abs.twimg.com/images/themes/theme1/bg.png","https://abs.twimg.com/images/themes/theme1/bg.png","false",,"https://pbs.twimg.com/profile_banners/223166587/1629755071",,"http://pbs.twimg.com/profile_images/1102808872018894848/GbEeWg3U_normal.png","https://pbs.twimg.com/profile_images/1102808872018894848/GbEeWg3U_normal.png","FFFFFF","DDEEF6","333333","false","false","false","JeffMerkley","5039",,"none","https://t.co/RWj052cXa3",,"true",,,,,,,,,,,
"1171203103997276160","2019-09-09T23:25:54.000Z","76546","Wow. I love this ad. https://t.co/FobJoZBd18",,,,"1171203103997276160","https://pbs.twimg.com/ext_tw_video_thumb/1171202997428396032/pu/img/Ifg3CQXhn6BYEhrp.jpg","photo",,,,,"1556","26528","https://mobile.twitter.com/hashtag/gunsafetypresident","https://twitter.com/Politidope/status/1171203103997276160",,,,"promotable_user",,,"none",,"false","2010-02-12T20:40:59.000Z","false","dad + husband •📋+🏛• Board President: @RadioArlington - WERA 96.7 • host: @MentionPod • ran for office once; always at @Wawa • same name on Mastodon •","false","false",,"0","169211",,,"59425",,"20029","true","true","113724715","113724715","false","false",,"360","Virginia, USA","11181",,"Matt Rogers","59425",,"1A1B1F","http://abs.twimg.com/images/themes/theme9/bg.gif","https://abs.twimg.com/images/themes/theme9/bg.gif","true",,"https://pbs.twimg.com/profile_banners/113724715/1677075706",,"http://pbs.twimg.com/profile_images/1631399171260399637/9RQUxtGT_normal.jpg","https://pbs.twimg.com/profile_images/1631399171260399637/9RQUxtGT_normal.jpg","FFFFFF","252429","666666","true","false","false","Politidope","188405",,"none","https://t.co/XIqTmHQz2v",,"false",,,,,,,,,,,
"1171192874089758721","2019-09-09T22:45:15.000Z","2390","Former Rep. Gabrielle Giffords' nonprofit organization to fight gun violence has partnered with eight top presidential candidates to launch a ""#GunSafetyPresident"" gun safety video series, featuring Biden, Warren, Sanders, Harris, Booker, Klobuchar, O'Rourke, and Buttgieg. https://t.co/roznb5Jj8P","GunSafetyPresident",,,"1171192874089758721","https://pbs.twimg.com/ext_tw_video_thumb/1171191884137553920/pu/img/hus_UBnRCa6LlEDQ.jpg","photo",,,,,"46","850","https://mobile.twitter.com/hashtag/gunsafetypresident","https://twitter.com/kylegriffin1/status/1171192874089758721",,,,"promotable_user",,,"none",,"false","2009-04-18T12:45:48.000Z","false","Executive Producer. MSNBC's @AymanMSNBC and @MehdiHasanShow. Opinions mine. Do not congratulate.   https://t.co/4WQ1aNuXLs","false","false",,"0","35333",,,"1391401",,"783","false","true","32871086","32871086","false","false",,"10618","Los Angeles, CA","13517",,"Kyle Griffin","1391401",,"C0DEED","http://abs.twimg.com/images/themes/theme1/bg.png","https://abs.twimg.com/images/themes/theme1/bg.png","false",,"https://pbs.twimg.com/profile_banners/32871086/1455243585",,"http://pbs.twimg.com/profile_images/961462238732275712/omWV1cZs_normal.jpg","https://pbs.twimg.com/profile_images/961462238732275712/omWV1cZs_normal.jpg","C0DEED","DDEEF6","333333","true","false","false","kylegriffin1","84790",,"none","https://t.co/1vRL90Yp8y",,"true",,,,,,,,,,,
